Bibek,Bibek35,2025-05-25 21:34:21
Bibek,Bicky35,2025-05-25 21:34:31
Bibek,Bibek35,2025-05-25 21:35:07
Piyush,Piyush12,2025-05-27 17:32:15
Bibek,Bibek35,2025-05-27 20:57:37
Bibek,Bibek35,2025-05-27 21:06:48
Bibek,Bibek35,2025-05-27 21:07:34
Bibek,Bibek35,2025-05-27 21:08:41
Bibek,Bibek35,2025-05-27 22:03:39
Bibek,Bibek35,2025-05-27 22:03:53
Bibek,Bibek35,2025-05-27 22:04:25
Bibek,Bibek35,2025-05-27 22:15:47
Bibek,Bibek35,2025-05-27 22:16:00
Bibek,Bibek35,2025-05-27 22:22:45
Bibek,Bibek35,2025-05-27 22:45:32
Bibek,Bibek35,2025-05-27 22:46:07
Bibek,Bibek35,2025-05-28 21:58:08
